statedscr,entrsizedscr,firm,estb,empl_n,firm_share,estab_share,emp_share
United States,01:  Total,5954684,7757807,126752238,1,1,1
United States,02:  0-4,3665182,3671901,5923452,0.6155124268559,0.473316879370678,0.0467325239653757
United States,03:  5-9,1013878,1025690,6681968,0.170265626186041,0.132213910451755,0.0527167654428319
United States,04:  10-19,626900,657781,8432521,0.10527846649797,0.0847895545738635,0.0665275906213191
United States,05:  <20,5305960,5355372,21037941,0.891056519539912,0.690320344396297,0.165976880029527
United States,06:  20-99,538283,705460,21093550,0.0903965684828952,0.0909354924658476,0.166415602066135
United States,07:  100-499,90742,367446,17783726,0.0152387599409137,0.0473646740631728,0.140303053268377
United States,08:  <500,5934985,6428278,59915217,0.996691847963721,0.828620510925317,0.472695535364038
United States,09:  500+,19699,1329529,66837021,0.00330815203627934,0.171379489074683,0.527304464635962
